,question,groundtruth,chatbot_response,similar_questions,accuracy
0,GEM Center mang đến cho khách hàng của mình không gian gì?,GEM Center mang đến cho khách hàng của mình không gian đa chức năng cho mọi loại hình sự kiện.,"GEM Center mang đến cho khách hàng của mình không gian đa chức năng cho mọi loại hình sự kiện như phòng hội thảo, phòng triển lãm, không gian choáng ngợp cho dạ tiệc cả ngàn khách, sân khấu âm nhạc sôi động và sàn diễn thời trang hoành tráng.","['GEM Center có thể tổ chức những sự kiện gì?', 'GEM Center nằm ở đâu?', 'GEM Center có không gian sảnh dành cho sự kiện lớn nhất không?']",1
1,Chùa Việt Nam Quốc Tự được xây dựng theo kiến trúc nào?,Chùa Việt Nam Quốc Tự được xây dựng theo kiến trúc chùa cổ miền Bắc.,"Chùa Việt Nam Quốc Tự được xây dựng theo kiến trúc chùa cổ miền Bắc với màu vàng làm chủ chủ đạo và mái ngói vảy màu đỏ nâu. Mái chùa xây dựng nhiều tầng, đầu mái công vuốt hình đầu đao, được điêu khắc đầu rồng rất tinh xảo.","['Chùa Việt Nam Quốc Tự có mấy tầng?', 'Ai là người xây dựng Chùa Việt Nam Quốc Tự?', 'Chùa Việt Nam Quốc Tự nằm ở đâu?']",1
2,Bên trong chánh điện của chùa Việt Nam Quốc Tự có gì?,"Bên trong chánh điện của chùa Việt Nam Quốc Tự có Tượng Phật do Tăng Ni, Phật tử miền Bắc cung tiến với kỹ thuật của các nghệ nhân làng đồng Ý Yên (Nam Định), tôn tạo và hoàn thiện tại chỗ.","Bên trong chánh điện của chùa Việt Nam Quốc Tự có một bảo tháp bằng gỗ cao 13m, bên trong tôn trí tượng Phật Thích ca bằng đồng cao 7,2m, nặng 7,2 tấn. Công trình này được công nhận là ngôi tịnh xá có bảo tháp bằng gỗ thờ Phật trong chánh điện lớn nhất Việt Nam.","['Chùa Việt Nam Quốc Tự có kết cấu chính như thế nào?', 'Chùa Việt Nam Quốc Tự có công trình nổi bật nào?', 'Bên trong chánh điện của chùa Việt Nam Quốc Tự có gì đặc biệt?']",1
3,Đền thờ vua Hùng được chống đỡ bằng những gì?,12 cây gỗ mật màu đen bóng,"Đền thờ vua Hùng được chống đỡ bằng 12 cây gỗ mật màu đen bóng, đường kính 50cm, tượng trưng cho 12 Can Chi của văn hóa Á Đông.","['Đền thờ vua Hùng được xây dựng bằng chất liệu gì?', 'Đền thờ vua Hùng có những công trình trạm khắc gỗ gì?', 'Đền thờ vua Hùng có những tượng trưng gì?']",1
4,Các công trình trạm khắc gỗ ở bái điện có những hình tượng gì?,"Bao lam tứ linh, bao lam cửu long và các phù điêu trên các hương án chạm các ngôi chùa danh tiếng","Các công trình trạm khắc gỗ ở bái điện có bao lam tứ linh, bao lam cửu long và các phù điêu trên các hương án chạm các ngôi chùa danh tiếng ở trong nước và một số nước Châu Á.","['Các công trình trạm khắc gỗ ở bái điện có những hình tượng nào?', 'Các hình tượng trạm khắc gỗ ở bái điện là gì?', 'Bái điện có những hình tượng gỗ nào?']",1
5,Dơi tập trung ở đâu?,Dơi tập trung trên một vùng đảo đước nhỏ duy nhất trong đầm.,Dơi tập trung trên một vùng đảo đước nhỏ duy nhất trong đầm.,"['Dơi sống ở đâu?', 'Vùng đảo nào có dơi tập trung?', 'Dơi tập trung do nguyên nhân gì?']",1
6,Tháp Tang bồng nằm ở đâu?,Tháp Tang bồng nằm ở Khu du lịch sinh thái Vàm Sát.,Tháp Tang bồng nằm ở Khu du lịch sinh thái Vàm Sát.,"['Tháp Tang bồng được xây bằng chất liệu gì?', 'Công ty nào đã xây dựng Tháp Tang bồng?', 'Tháp Tang bồng có mấy tầng quan sát?']",1
7,Tượng Phật Thích ca trong chánh điện được làm bằng gì?,Tượng Phật Thích ca trong chánh điện được làm bằng đồng.,Tượng Phật Thích ca trong chánh điện được làm bằng đồng.,"['Chánh điện có kết cấu chính bằng gì?', 'Ai là người tôn trí tượng Phật Thích ca trong chánh điện?', 'Chánh điện lớn nhất Việt Nam là công trình gì?']",1
8,Phòng trưng bày nào thể hiện về 15 năm tù Côn Đảo của Chủ tịch Tôn Đức Thắng?,15 năm tù Côn Đảo,Phòng trưng bày về 15 năm tù Côn Đảo của Chủ tịch Tôn Đức Thắng là một trong 05 phòng trưng bày thường trực tại Bảo tàng Tôn Đức Thắng.,"['Bảo tàng Tôn Đức Thắng có bao nhiêu phòng trưng bày?', 'Bảo tàng Tôn Đức Thắng nằm ở địa chỉ nào?', 'Thời gian hoạt động của Bảo tàng Tôn Đức Thắng là khi nào?']",1
9,Bảo tàng Tôn Đức Thắng có các chuyên đề mở rộng liên quan đến hoạt động nào của Chủ tịch Tôn Đức Thắng?,hoạt động của Chủ tịch Tôn Đức Thắng,"Các chuyên đề mở rộng liên quan đến hoạt động của Chủ tịch Tôn Đức Thắng bao gồm: Viên ngọc Côn Sơn, Bác Hồ và Bác Tôn, Cuộc sống đời thường của Chủ tịch Tôn Đức Thắng, Bác Tôn trong lòng nhân dân thế giới.","['Bảo tàng Tôn Đức Thắng có những chuyên đề mở rộng nào?', 'Các chuyên đề mở rộng liên quan đến Chủ tịch Tôn Đức Thắng là gì?', 'Bảo tàng Tôn Đức Thắng có trưng bày những gì về Chủ tịch Tôn Đức Thắng?']",1
10,Thời kỳ nào là nơi khởi nguồn của những nền văn hóa đặc sắc?,Thời dựng nước và giữ nước (2.879 TR. CN - 938),"Thời kỳ mở rộng địa bàn sinh sống để phát triển kinh tế, văn hóa là nơi khởi nguồn của những nền văn hóa đặc sắc.","['Thời kỳ nào là nơi hình thành nền tảng của văn hóa Việt Nam?', 'Thời kỳ nào là thời kỳ dựng nước và giữ nước đầu tiên của dân tộc Việt Nam?', 'Thời kỳ nào là thời kỳ xây dựng nền văn minh nông nghiệp của Việt Nam?']",1
11,Thánh Gióng là nhân vật huyền sử thời nào?,Thời Hùng Vương thứ 6,Thánh Gióng là nhân vật huyền sử thời Hùng Vương thứ 6 dựng nước.,"['Thánh Gióng là ai?', 'Thời gian Thánh Gióng sống là khi nào?', 'Thánh Gióng có công lao gì trong lịch sử Việt Nam?']",1
12,Ngôi tịnh xá có bảo tháp bằng gỗ thờ Phật lớn nhất Việt Nam là ở đâu?,Chánh điện,Ngôi tịnh xá có bảo tháp bằng gỗ thờ Phật lớn nhất Việt Nam là Pháp viện Minh Đăng Quang.,"['Pháp viện Minh Đăng Quang nằm ở đâu?', 'Pháp viện Minh Đăng Quang có những kỷ lục nào?', 'Ngôi tịnh xá nào có bảo tháp bằng gỗ thờ Phật lớn nhất Việt Nam?']",1
13,Chất liệu truyền thống của áo dài Việt Nam là gì?,"Tơ tằm, đay, gai, sợi bông","Chất liệu truyền thống của áo dài Việt Nam bao gồm tơ tằm, đay, gai và sợi bông.","['Áo dài Việt Nam được làm từ những chất liệu gì?', 'Các loại vải truyền thống được sử dụng để may áo dài là gì?', 'Áo dài Việt Nam thường được làm từ những loại vải nào?']",1
14,Triều Lý có những dấu ấn sâu đậm trên những phương diện nào?,"Văn hóa, tôn giáo, pháp luật, kinh tế, chính trị",Not relevant,"['Có những địa danh nổi tiếng nào ở Việt Nam?', 'Có những món ăn truyền thống nào ở Việt Nam?', 'Có những lễ hội truyền thống nào ở Việt Nam?']",0
15,Lịch sử của vương quốc Champa được phục dựng thông qua những nguồn tài liệu nào?,"Văn bản của Trung Quốc, bản khắc tiếng Phạn và tiếng Chăm cổ, Biên niên sử các triều đại Việt Nam","Lịch sử của các vương quốc Champa đã được phục dựng một phần thông qua các văn bản của Trung Quốc (Biên niên sử các triều đại, báo cáo của các sứ thần), các bản khắc bằng tiếng Phạn và tiếng Chăm cổ, cũng như những cuốn Biên niên sử các triều đại Việt Nam.","['Các nguồn tài liệu nào đã phục dựng lại lịch sử của vương quốc Champa?', 'Lịch sử của vương quốc Champa được tái hiện như thế nào?', 'Các văn bản nào đã giúp phục dựng lại lịch sử của vương quốc Champa?']",1
16,Chợ Bình Tây nằm ở địa chỉ nào?,"57A Tháp Mười - P.2, Q.6","Chợ Bình Tây nằm ở địa chỉ 07 Công Trường Lam Sơn, Bến Nghé, Quận 1, TP.HCM.","['Chợ Bình Tây nằm ở địa chỉ nào?', 'Chợ Bình Tây ở thành phố nào?', 'Chợ Bình Tây thuộc quận nào?']",0
17,Hồ Con Rùa nằm ở đâu?,Thành phố Hồ Chí Minh,"Hồ Con Rùa nằm ở trung tâm Thành phố Hồ Chí Minh, có tên chính thức là Công trường Quốc tế.","['Hồ Con Rùa có tên chính thức là gì?', 'Hồ Con Rùa nằm ở thành phố nào?', 'Hồ Con Rùa có những tuyến đường nào giao nhau?']",1
18,Địa chỉ của Bảo tàng Chứng tích chiến tranh là gì?,"Địa chỉ của Bảo tàng Chứng tích chiến tranh là 26, đường Võ Văn Tần, phường Võ Thị Sáu, Quận 3.","Bảo tàng Chứng tích chiến tranh có địa chỉ tại 26, đường Võ Văn Tần, phường Võ Thị Sáu, Quận 3.","['Bảo tàng Chứng tích chiến tranh ở đâu?', 'Bảo tàng Chứng tích chiến tranh nằm ở địa điểm nào?', 'Địa chỉ của Bảo tàng Chứng tích chiến tranh là gì?']",1
19,Landmark 81 có chiều cao bao nhiêu?,"461,2 m","Landmark 81 có chiều cao 461,2 m.","['Landmark 81 là tòa nhà cao nhất Việt Nam?', 'Landmark 81 có bao nhiêu tầng?', 'Landmark 81 được xây dựng ở địa chỉ nào?']",1
20,Khu du lịch Suối Tiên có bao nhiêu công trình vui chơi giải trí?,Trên 150 công trình,Khu du lịch Suối Tiên có trên 150 công trình vui chơi giải trí.,"['Suối Tiên có những khu vui chơi giải trí nào?', 'Diện tích của Suối Tiên là bao nhiêu?', 'Địa chỉ của Suối Tiên là gì?']",1
21,Công trình này bao gồm những gì?,"Một vòng xoay giao thông với đường kính khoảng gần 100 mét, cây xanh, hồ phun nước hình bát giác, 4 đường đi bộ xoắn ốc và tượng con rùa bằng hợp kim.","Công trình này bao gồm tượng đài và công viên, với các hạng mục điêu khắc như nhóm tượng người mẹ và chiến sĩ, quần thể tượng Trung dũng kiên cường toàn dân đánh giặc, 8 trụ rồng, 2 tranh hoành tráng, hồ phun nước nghệ thuật và 2 phòng trưng bày sự kiện lịch sử. Ngoài ra, công trình còn có một vòng xoay giao thông trang trí bằng cây xanh và hồ phun nước hình bát giác, cùng với hình tượng con rùa bằng hợp kim đội trên lưng bia đá lớn.","['Công trình này được xây dựng vào năm nào?', 'Ai là người điêu khắc tượng đài này?', 'Công trình này có diện tích bao nhiêu?']",1
22,Công viên Nước Đầm Sen có những thiết bị gì?,Công viên Nước Đầm Sen có 36 thiết bị trò chơi dưới nước và một hồ tạo sóng mát lạnh rộng 3000m2.,Công viên Nước Đầm Sen có 36 thiết bị trò chơi dưới nước hiện đại cùng một hồ tạo sóng mát lạnh rộng 3000m2.,"['Công viên Nước Đầm Sen có diện tích bao nhiêu?', 'Công viên Nước Đầm Sen có gì đặc biệt?', 'Công viên Nước Đầm Sen có nhà hàng không?']",1
23,Vị trí của khu du lịch sinh thái Vàm Sát nằm ở đâu?,"xã Lý Nhơn, huyện Cần Giờ, Thành phố Hồ Chí Minh","Khu du lịch sinh thái Vàm Sát nằm trên địa bàn xã Lý Nhơn, huyện Cần Giờ TP.HCM.","['Vị trí của khu du lịch sinh thái Vàm Sát là ở đâu?', 'Khu du lịch sinh thái Vàm Sát nằm ở địa chỉ nào?', 'Vàm Sát Ecopark nằm ở đâu?']",1
24,Cái gì được nuôi thả trong đầm lầy tự nhiên ở Vàm Sát?,cá sấu Xiêm và cá sấu Hoa Cà,Cá sấu Xiêm và cá sấu Hoa Cà được nuôi thả trong đầm lầy tự nhiên ở Vàm Sát.,"['Cái gì được nuôi trong đầm lầy tự nhiên ở Vàm Sát?', 'Loài động vật nào được nuôi thả ở Vàm Sát?', 'Vàm Sát nuôi những loài gì trong đầm lầy tự nhiên?']",0
25,Thảo Cầm Viên Sài Gòn có bao nhiêu cá thể động vật?,Hơn 1000,Thảo Cầm Viên Sài Gòn có hơn 1000 cá thể động vật.,"['Thảo Cầm Viên Sài Gòn có bao nhiêu loài cây gỗ?', 'Thời gian hoạt động của Thảo Cầm Viên Sài Gòn là khi nào?', 'Giá vé vào Thảo Cầm Viên Sài Gòn là bao nhiêu?']",1
26,Vườn Nhật Bản nằm trong cụm vườn hoa nào?,Nam tú thượng uyển Đầm Sen,Vườn Nhật Bản nằm trong cụm vườn hoa Nam tú thượng uyển Đầm Sen.,"['Vườn Nhật Bản nằm ở đâu?', 'Cụm vườn hoa nào chứa Vườn Nhật Bản?', 'Vườn Nhật Bản thuộc khu vực nào?']",1
27,Bến Nhà Rồng còn được biết đến là gì?,Bảo tàng Hồ Chí Minh - chi nhánh Thành phố Hồ Chí Minh.,Bến Nhà Rồng còn được biết đến là Bảo tàng Hồ Chí Minh - chi nhánh Thành phố Hồ Chí Minh.,"['Bảo tàng Hồ Chí Minh - chi nhánh Thành phố Hồ Chí Minh nằm ở đâu?', 'Bảo tàng Hồ Chí Minh - chi nhánh Thành phố Hồ Chí Minh trưng bày những gì?', 'Bảo tàng Hồ Chí Minh - chi nhánh Thành phố Hồ Chí Minh có địa chỉ gì?']",1
28,Công trình này bao gồm những yếu tố gì?,"Một vòng xoay giao thông, cây xanh, hồ phun nước, tượng con rùa","Công trình này bao gồm các yếu tố kiến trúc Pháp - Việt, phong cách Đông Dương, triển lãm về lịch sử Việt Nam và văn hóa phương Nam của Việt Nam và một số nước Châu Á.","['Bảo tàng Lịch sử Thành phố Hồ Chí Minh có những phòng trưng bày gì?', 'Công trình Diên Niên Bửu Phước Dinh có điểm đặc biệt gì?', 'Hồ Lạc Cảnh có những hoạt động gì cho du khách?']",1
29,Ngày nào Đảng Cộng sản Việt Nam được thành lập?,3/2/1930,Ngày 3/2/1930,"['Đảng Cộng sản Việt Nam được thành lập vào ngày nào?', 'Ngày thành lập của Đảng Cộng sản Việt Nam là khi nào?', 'Đảng Cộng sản Việt Nam ra đời vào ngày nào?']",1
30,GEM Center nằm ở đâu?,"08 Nguyễn Bỉnh Khiêm, Phường Đa Kao, Quận 1, TP.HCM","GEM Center nằm ở địa chỉ 08 Nguyễn Bỉnh Khiêm, Phường Đa Kao, Quận 1, TP.HCM.","['GEM Center có không gian sảnh dành cho sự kiện lớn nhất ở đâu?', 'GEM Center có thể làm phòng hội thảo ở đâu?', 'GEM Center có không gian choáng ngợp cho dạ tiệc ở đâu?']",1
31,Bảo tàng Hồ Chí Minh - chi nhánh Thành phố Hồ Chí Minh trưng bày những gì?,"Bảo tàng trưng bày và giới thiệu những bộ sưu tập hiện vật, tư liệu hồi ký về thân thế sự nghiệp của Chủ tịch Hồ Chí Minh","Bảo tàng Hồ Chí Minh - chi nhánh Thành phố Hồ Chí Minh trưng bày những bộ sưu tập hiện vật, tài liệu hồi ký về thân thế sự nghiệp của Chủ tịch Hồ Chí Minh, vị lãnh tụ vĩ đại của dân tộc Việt Nam. Ngoài ra, bảo tàng còn trưng bày 208 hình ảnh, tài liệu và hiện vật về Bác Hồ với miền Nam, miền Nam với Bác Hồ.","['Bảo tàng Hồ Chí Minh - chi nhánh Thành phố Hồ Chí Minh trưng bày những hiện vật gì?', 'Bảo tàng Hồ Chí Minh - chi nhánh Thành phố Hồ Chí Minh có gì đặc biệt?', 'Bảo tàng Hồ Chí Minh - chi nhánh Thành phố Hồ Chí Minh nằm ở địa chỉ nào?']",1
32,Triều Đinh lấy quốc hiệu là gì?,Đại Cồ Việt,Quốc hiệu của triều Đinh là Đại Cồ Việt.,"['Triều Đinh đặt quốc hiệu là gì?', 'Quốc hiệu của triều Đinh là gì?', 'Triều Đinh lấy tên gọi nước là gì?']",1
33,Áo dài năm thân gồm bao nhiêu khổ vải?,Áo dài năm thân gồm 2 khổ vải.,Áo dài năm thân gồm 2 khổ vải.,"['Áo dài năm thân được may từ những năm nào?', 'Ai là người sáng tạo ra áo dài năm thân?', 'Áo dài năm thân được làm từ chất liệu gì?']",1
34,Bảo tàng Áo Dài có trưng bày những tư liệu về Áo Dài từ lúc nào?,"Bảo tàng Áo Dài trưng bày những tư liệu về Áo Dài từ lúc hình thành, gắn liền lịch sử dựng nước và giữ nước của những người phụ nữ Việt Nam.","Bảo tàng Áo Dài trưng bày những tư liệu về Áo Dài từ lúc hình thành, gắn liền lịch sử dựng nước và giữ nước của những người phụ nữ Việt Nam lẫy lừng trong quân sự, ngoại giao, xã hội, văn hóa, giáo dục, thương mại, nghệ thuật, ...","['Bảo tàng Áo Dài có bao nhiêu chi nhánh?', 'Ai là người sáng lập Bảo tàng Áo Dài?', 'Bảo tàng Áo Dài hoạt động vào thời gian nào?']",1
35,Ai là kiến trúc sư thiết kế Nhà thờ Đức Bà?,Bourard,Kiến trúc sư thiết kế Nhà thờ Đức Bà là Bourard.,"['Nhà thờ Đức Bà được xây dựng vào năm nào?', 'Nhà thờ Đức Bà được xây dựng theo phong cách nào?', 'Tượng Nữ vương Hòa Bình được đặt ở đâu?']",1
36,"Theo dấu chân biệt động Sài Gòn, ta có thể khám phá những nơi nào?","Những nơi hoạt động bí mật, hầm cất giấu vũ khí và trạm giao liên",Bảo tàng Thông minh Biệt động Sài Gòn - Gia Định là một trong những nơi mà bạn có thể khám phá theo dấu chân Biệt động Sài Gòn. Đây là nơi kết hợp giữa lịch sử và công nghệ để mang lại trải nghiệm mới lạ trong việc tìm hiểu về lịch sử của Biệt động Sài Gòn. Bạn có thể nghe kể về chiến công hào hùng của chiến sĩ Biệt động Sài Gòn năm xưa và chiêm ngưỡng những hiện vật vô cùng giá trị đã được lưu giữ tại đây.,"['Có những bảo tàng nào ở Sài Gòn?', 'Nơi nào có thể tìm hiểu về lịch sử Biệt động Sài Gòn?', 'Bảo tàng Thông minh Biệt động Sài Gòn - Gia Định nằm ở địa chỉ nào?']",1
37,"Bảo tàng Thành phố Hồ Chí Minh có bao nhiêu hiện vật, hình ảnh và bản đồ?",Hơn 2000,"Bảo tàng Thành phố Hồ Chí Minh hiện quản lý 31.360 hiện vật, trong đó có 30.431 hiện vật trong kho và 929 hiện vật đang trưng bày; 16.739 hiện vật thể khối và 14.621 phim, ảnh, tài liệu khoa học phụ các loại.","['Bảo tàng Thành phố Hồ Chí Minh có bao nhiêu tầng?', 'Bảo tàng Thành phố Hồ Chí Minh được xây dựng vào năm nào?', 'Bảo tàng Thành phố Hồ Chí Minh có những đội ngũ thuyết minh viên nào?']",0
38,Hầm chứa vũ khí bí mật của Biệt động Sài Gòn được cất giữ vào năm nào?,1975,Hầm chứa vũ khí bí mật của Biệt động Sài Gòn được cất giữ vào năm 1975.,"['Hầm chứa vũ khí bí mật của Biệt động Sài Gòn được cất giữ trong thời gian bao lâu?', 'Hầm chứa vũ khí bí mật của Biệt động Sài Gòn nằm ở đâu?', 'Có bao nhiêu tấn vũ khí được cất giữ trong hầm chứa vũ khí bí mật của Biệt động Sài Gòn?']",1
39,Kiến trúc bên trong của bưu điện thành phố Hồ Chí Minh giống với kiến trúc của công trình nào ở Paris?,Kiến trúc bên trong của bưu điện thành phố Hồ Chí Minh giống với kiến trúc của nhà ga Orsay ở Paris.,Kiến trúc bên trong của bưu điện thành phố Hồ Chí Minh giống với kiến trúc của nhà ga Orsay ở Paris.,"['Công trình nào ở Paris có kiến trúc giống với bưu điện thành phố Hồ Chí Minh?', 'Bưu điện thành phố Hồ Chí Minh có kiến trúc giống với công trình nào ở Paris?', 'Công trình nào ở Paris có kiến trúc tương tự bưu điện thành phố Hồ Chí Minh?']",1
40,Công viên được bố trí những gì?,"Công viên được bố trí hồ sen, 2 hàng sứ trắng cùng nhiều hoa, cây cảnh.","Công viên được bố trí với 3 bậc bao gồm: [Bậc 1] thờ Quốc tổ Hùng Vương; [Bậc 2] thờ Lạc Long Quân và mẹ Âu Cơ; [Bậc 3] là các hoa văn, họa tiết về văn hóa Đông Sơn.","['Công viên có những bậc bao gồm những gì?', 'Công viên được quy hoạch như thế nào?', 'Công viên có những công trình nào?']",0
41,Chủ tịch Hồ Chí Minh sáng lập chính Đảng của giai cấp công nhân Việt Nam vào thời gian nào?,Chủ tịch Hồ Chí Minh sáng lập chính Đảng của giai cấp công nhân Việt Nam trong thời gian từ năm 1920 đến năm 1930.,Chủ tịch Hồ Chí Minh sáng lập chính Đảng của giai cấp công nhân Việt Nam trong thời gian từ năm 1920 đến năm 1930.,"['Chủ tịch Hồ Chí Minh sáng lập Đảng Cộng sản Việt Nam vào thời gian nào?', 'Hồ Chí Minh sáng lập Đảng Cộng sản Việt Nam vào năm nào?', 'Đảng Cộng sản Việt Nam được thành lập vào thời gian nào?']",1
42,GEM Center nằm ở đâu?,"GEM Center nằm tại địa chỉ 08 Nguyễn Bỉnh Khiêm, Phường Đa Kao, Quận 1, Thành phố Hồ Chí Minh.","GEM Center nằm ở địa chỉ 08 Nguyễn Bỉnh Khiêm, Phường Đa Kao, Quận 1, TP.HCM.","['GEM Center có không gian sảnh dành cho sự kiện lớn nhất ở đâu?', 'GEM Center có thể làm phòng hội thảo ở đâu?', 'GEM Center có không gian choáng ngợp cho dạ tiệc ở đâu?']",1
43,Quảng trường La Mã có thể tổ chức sự kiện lớn với sức chứa bao nhiêu người?,Cả ngàn người,"Cảnh quan của quảng trường La Mã được thiết kế chủ đạo theo kiến trúc La Mã cổ đại. Các bồn hoa được tô điểm bởi các loại cây hồng cho hoa thường xuyên. Song song với các bồn hoa là hàng tùng bách bách tán, trắc bá diệp được trồng bao quanh Quảng Trường La Mã. Cũng giống như Quảng trường Âu Lạc, đây không chỉ là địa điểm tham quan tại Đầm Sen, mà còn là địa điểm tổ chức sự kiện lớn với sức chứa cả ngàn người tham dự.","['Quảng trường La Mã được thiết kế theo kiến trúc nào?', 'Các loại cây gì được trồng ở Quảng trường La Mã?', 'Quảng trường La Mã có thể tổ chức sự kiện như thế nào?']",1
44,Đu quay đứng còn được gọi là gì?,Đu quay lồng,Đu quay đứng còn được gọi là Ferris Wheel.,"['Có bao nhiêu cabin lồng trên đu quay đứng?', 'Đu quay đứng có bao nhiêu điểm dừng chân?', 'Ai là người đầu tiên đặt tên cho đu quay đứng?']",0
45,Du khách có thể ngắm cảnh thành phố từ trên đu quay đứng ở độ cao bao nhiêu?,40m,Du khách có thể ngắm cảnh thành phố từ trên đu quay đứng ở độ cao 461m từ đỉnh tòa tháp Landmark 81.,"['Từ độ cao nào du khách có thể ngắm cảnh thành phố từ trên đu quay đứng ở Landmark 81?', 'Độ cao tối đa mà du khách có thể ngắm cảnh thành phố từ trên đu quay đứng ở Landmark 81 là bao nhiêu?', 'Landmark 81 có đu quay đứng để ngắm cảnh thành phố không?']",0
46,Ngã sáu nằm ở đâu?,Ngã sáu nằm ở ranh giới Quận 5 với Quận 10,"Ngã sáu nằm ở phường Bến Thành, Quận 1.","['Ngã sáu Phù Đổng nằm ở đâu?', 'Ngã sáu Sài Gòn nằm ở đâu?', 'Ngã sáu nằm ở quận nào?']",0
47,Ai thực hiện công trình tại ngã sáu?,Công trình được thực hiện bởi Binh chủng Công binh Việt Nam Cộng hòa,"Công ty Gao Ge - Trung Quốc thiết kế, Công ty Cổ phần Tư vấn Thiết kế Công trình Quỹ Đạo triển khai chi tiết và Công ty Sino-Pacific thi công, hoàn thành và đưa vào hoạt động khoảng cuối năm 2010.","['Ai đã thiết kế Cầu Ánh Sao?', 'Công ty nào đã triển khai chi tiết thiết kế Cầu Ánh Sao?', 'Công ty nào đã thi công và hoàn thành Cầu Ánh Sao?']",1
48,Khu vực xung quanh Hồ Con Rùa có gì?,"Khu vực xung quanh Hồ Con Rùa tập trung rất nhiều nhà hàng, quán bar, cà phê.","Khu vực xung quanh Hồ Con Rùa tập trung rất nhiều nhà hàng, quán bar và cà phê. Vì vậy, khu vực này luôn nhộn nhịp từ sáng đến khuya.","['Có nhà hàng nào xung quanh Hồ Con Rùa không?', 'Có quán bar nào gần Hồ Con Rùa không?', 'Có cà phê nào ở gần Hồ Con Rùa không?']",1
49,Hồ Con Rùa được đặt tên gọi dân gian là gì?,Hồ Con Rùa được đặt tên gọi dân gian là Hồ Con Rùa.,Hồ Con Rùa được đặt tên gọi dân gian là Hồ Con Rùa.,"['Hồ Con Rùa có tên gọi dân gian là gì?', 'Người dân gọi Hồ Con Rùa bằng cái tên gì?', 'Có tên gọi dân gian nào khác cho Hồ Con Rùa không?']",1
50,"Khi khai trương, Phố đi bộ Bùi Viện đã đầu tư bao nhiêu tỷ đồng?",Phố đi bộ Bùi Viện đã đầu tư gần 10 tỷ đồng,Gần 10 tỷ đồng,"['Phố đi bộ Bùi Viện đã đầu tư bao nhiêu tiền?', 'Số tiền đầu tư cho Phố đi bộ Bùi Viện là bao nhiêu?', 'Tổng mức đầu tư cho Phố đi bộ Bùi Viện là bao nhiêu?']",0
51,"Ở Bùi Viện, du khách có thể khám phá những gì?","Ở Bùi Viện, du khách có thể khám phá các nét đặc thù bên trong các hẻm nhỏ đan xen trên tuyến đường","Ở Bùi Viện, du khách có thể khám phá các loại hình dịch vụ như ăn uống, vui chơi, giải trí, làm đẹp, nghỉ ngơi. Có rất nhiều quán bar, pub, bia vỉa hè và đồ ăn ngon trên đường phố. Ngoài ra, còn có các cửa hàng hớt tóc gội đầu, giặt ủi, siêu thị mini và các cơ sở lưu trú như nhà nghỉ, nhà trọ, khách sạn.","['Có gì để làm ở Bùi Viện?', 'Bùi Viện có những dịch vụ gì?', 'Bùi Viện có những quán ăn nổi tiếng nào?']",1
52,Chính quyền Thành phố tiếp nhận quản lý chợ Bình Tây vào năm nào?,Chính quyền Thành phố tiếp nhận quản lý chợ Bình Tây vào năm 1975,Năm 1975,"['Chính quyền Thành phố tiếp nhận quản lý chợ Bình Tây vào năm bao nhiêu?', 'Chợ Bình Tây được chính quyền Thành phố tiếp nhận quản lý vào năm nào?', 'Năm nào chính quyền Thành phố tiếp nhận quản lý chợ Bình Tây?']",1
53,Công trình kiến trúc Bưu điện Thành phố Hồ Chí Minh được xây dựng theo phong cách kiến trúc nào?,Phong cách kiến trúc cổ điển châu Âu.,Bưu điện Thành phố Hồ Chí Minh được xây dựng theo phong cách kiến trúc cổ điển châu Âu.,"['Bưu điện Thành phố Hồ Chí Minh được xây dựng vào thời điểm nào?', 'Công trình kiến trúc Bưu điện Thành phố Hồ Chí Minh có tuổi thọ bao nhiêu?', 'Công tác giữ gìn bảo quản Bưu điện Thành phố Hồ Chí Minh được thực hiện như thế nào?']",1
54,Hầm chứa vũ khí bí mật nằm ở đâu?,"287/70-72-74 Nguyễn Đình Chiểu, Quận 3, TP.HCM","Hầm chứa vũ khí bí mật nằm ở địa chỉ 287/70-72-74 Nguyễn Đình Chiểu, Quận 3, TP.HCM.","['Hầm chứa vũ khí bí mật ở thành phố Hồ Chí Minh nằm ở đâu?', 'Địa chỉ hầm chứa vũ khí bí mật của Biệt động Sài Gòn là gì?', 'Hầm chứa vũ khí bí mật của Biệt động Sài Gòn nằm ở quận nào?']",1
55,Bảo tàng Thành phố Hồ Chí Minh có đội ngũ thuyết minh viên hướng dẫn bằng ngôn ngữ nào?,Tiếng Việt và tiếng Anh,Bảo tàng Thành phố Hồ Chí Minh có đội ngũ thuyết minh viên hướng dẫn bằng 02 ngôn ngữ: Tiếng Việt và tiếng Anh.,"['Bảo tàng Thành phố Hồ Chí Minh có hướng dẫn viên nói tiếng nước ngoài không?', 'Ngôn ngữ nào được sử dụng bởi đội ngũ thuyết minh viên tại Bảo tàng Thành phố Hồ Chí Minh?', 'Có ngôn ngữ nào khác ngoài Tiếng Việt và tiếng Anh được sử dụng tại Bảo tàng Thành phố Hồ Chí Minh không?']",1
56,Bảo tàng quản lý bao nhiêu hiện vật?,31.360,Bảo tàng quản lý 31.360 hiện vật.,"['Bảo tàng có bao nhiêu hiện vật?', 'Số lượng hiện vật trong bảo tàng là bao nhiêu?', 'Hiện vật trong bảo tàng được quản lý bao nhiêu?']",1
57,Hiện vật văn hóa chiếm bao nhiêu phần trăm?,hơn 1/3,Hơn 1/3 hiện vật trong bảo tàng là hiện vật văn hóa.,"['Có bao nhiêu hiện vật trong bảo tàng?', 'Bảo tàng có chia hiện vật thành bao nhiêu sưu tập?', 'Bảo tàng có bảo quản hiện vật như thế nào?']",1
58,Bảo tàng đã thu hút được bao nhiêu lượt khách đến tham quan?,hơn 3 triệu,"Đến nay, đã có hơn 3 triệu lượt khách đến tham quan và tham gia những hoạt động của Bảo tàng trong đó có hơn 4.000 đoàn khách trong nước và gần 1.500 đoàn khách quốc tế, trên 50 đoàn lãnh đạo cao cấp trong và ngoài nước.","['Bảo tàng đã thu hút được bao nhiêu lượt khách trong năm nay?', 'Bảo tàng có bao nhiêu lượt khách đến tham quan hàng năm?', 'Số lượng khách tham quan Bảo tàng là bao nhiêu?']",1
59,Hồ Con Rùa được trùng tu và chỉnh trang trong những năm nào?,Hồ Con Rùa được trùng tu và chỉnh trang trong những năm 1970 đến 1974.,Trong những năm 1970 đến 1974,"['Hồ Con Rùa được trùng tu và chỉnh trang trong thời gian nào?', 'Khi nào Hồ Con Rùa được trùng tu và chỉnh trang?', 'Trùng tu và chỉnh trang Hồ Con Rùa diễn ra vào thời gian nào?']",1
60,"Bom bi đánh xe cơ giới, tàu hỏa, tàu xuồng vật liệu, sát thương người, súc vật ở ngoài công sự và công sự không có nắp?",Đúng,"Bom bi đánh xe cơ giới, tàu hỏa, tàu xuồng vật liệu, sát thương người, súc vật ở ngoài công sự và công sự không có nắp là một trong những hiện vật chiến tranh được trưng bày tại Khu tái hiện vùng giải phóng Củ Chi ở Việt Nam.","['Có những hiện vật chiến tranh nào được trưng bày tại Khu tái hiện vùng giải phóng Củ Chi?', 'Ở đâu có thể tham quan những hiện vật chiến tranh ở Việt Nam?', 'Có những loại vũ khí nào được trưng bày tại Khu tái hiện vùng giải phóng Củ Chi?']",1
61,Chuyên đề Hậu quả chất độc da cam trong chiến tranh Việt Nam có bao nhiêu hiện vật?,20,Chuyên đề Hậu quả chất độc da cam trong chiến tranh Việt Nam có 20 hiện vật.,"['Bảo tàng Chứng tích chiến tranh có bao nhiêu chuyên đề?', 'Chuyên đề Hậu quả chất độc da cam trong chiến tranh Việt Nam trưng bày những gì?', 'Bảo tàng Chứng tích chiến tranh có địa chỉ ở đâu?']",1
62,Phố đi bộ Nguyễn Huệ có thể kết nối đến những địa điểm du lịch nào?,"Nhà hát Thành phố, Bảo tàng Thành phố Hồ Chí Minh, Bảo tàng Hồ Chí Minh - Chi nhánh Thành phố Hồ Chí Minh, Vincom Đồng Khởi, chợ Bến Thành, Phố đi bộ Bùi Viện và Bitexco Financial Tower.","Phố đi bộ Nguyễn Huệ có thể kết nối đến nhiều địa điểm du lịch nổi tiếng như Nhà thờ Đức Bà Sài Gòn, Bảo tàng Mỹ thuật TP.HCM, Nhà hát Thành phố Hồ Chí Minh, Dinh Độc Lập, Bưu điện Trung tâm TP.HCM, Chợ Bến Thành và nhiều khách sạn, nhà hàng, cửa hàng mua sắm khác.","['Có những địa điểm du lịch nào gần Phố đi bộ Nguyễn Huệ?', 'Phố đi bộ Nguyễn Huệ có gần chợ Bến Thành không?', 'Có những khách sạn nào gần Phố đi bộ Nguyễn Huệ?']",1
63,Cầu Cửu khúc còn được gọi là gì?,Cầu 9 đoạn,Cầu Cửu khúc còn được gọi là Cầu Vàng.,"['Cầu Cửu khúc nối liền hai quận nào?', 'Cầu Cửu khúc hoàn thành vào năm nào?', 'Cầu Cửu khúc có nhịp chính dài nhất khu vực nào?']",0
64,Thảo Cầm Viên còn được gọi là gì?,Sở Thú,Thảo Cầm Viên còn được gọi là Sở Thú.,"['Thảo Cầm Viên có tên gọi khác không?', 'Sở Thú Sài Gòn là công trình lịch sử nào?', 'Thành phố Hồ Chí Minh có công viên nào lâu đời nhất?']",1
65,Khu vực mái bằng nào trong Landmark 81 được xem là đài quan sát ngoài trời cao thứ 5 trên thế giới?,Khu vực mái bằng SkyTouch,Khu vực mái bằng ngoài trời cao 383m SkyTouch trong Landmark 81 được xem là đài quan sát ngoài trời cao thứ 5 trên thế giới.,"['Landmark 81 có khu vực mái bằng nào được xem là đài quan sát ngoài trời cao thứ 5 trên thế giới?', 'Trong Landmark 81, khu vực mái bằng nào được xem là đài quan sát ngoài trời cao thứ 5 trên thế giới?', 'Đài quan sát ngoài trời cao thứ 5 trên thế giới nằm ở khu vực mái bằng nào trong Landmark 81?']",1
66,Bảo tàng Áo dài có mức giá vé là bao nhiêu?,100.000 đồng/1 khách,"Giá vé tham quan Bảo tàng Áo Dài là 100.000 đồng, học sinh - sinh viên là 50.000 đồng, miễn phí cho trẻ dưới 6 tuổi và người trên 70 tuổi.","['Bảo tàng Áo Dài ở đâu?', 'Thời gian hoạt động của Bảo tàng Áo Dài là khi nào?', 'Bảo tàng Áo Dài có diện tích bao nhiêu?']",1
67,Chợ đêm diễn ra từ lúc nào tại Chợ Bến Thành?,19:00,Chợ đêm diễn ra từ 19:00,"['Chợ Bến Thành hoạt động từ mấy giờ đến mấy giờ?', 'Khi nào có chợ đêm tại Chợ Bến Thành?', 'Thời gian diễn ra chợ đêm ở Chợ Bến Thành là khi nào?']",1
68,Tình cảm của Bác Hồ dành cho cán bộ chiến sĩ miền Nam là gì?,Tình cảm của Bác Hồ dành cho cán bộ chiến sĩ miền Nam là sâu sắc.,"Tình cảm của Bác Hồ dành cho cán bộ chiến sĩ miền Nam là tình cảm thiêng liêng, cao quý. Ngày đêm Người luôn quan tâm đến sự ngiệp giải phóng miền Nam thống nhất Tổ quốc.","['Bác Hồ có quan tâm đến cán bộ chiến sĩ miền Nam không?', 'Tình cảm của Bác Hồ với miền Nam như thế nào?', 'Bác Hồ đã làm gì để thể hiện tình cảm với cán bộ chiến sĩ miền Nam?']",1
69,Địa chỉ của GEM Center là gì?,"Địa chỉ của GEM Center là 08 Nguyễn Bỉnh Khiêm, Phường Đa Kao, Quận 1, TP.HCM.","Địa chỉ của GEM Center là 08 Nguyễn Bỉnh Khiêm, Phường Đa Kao, Quận 1, TP.HCM.","['GEM Center nằm ở đâu?', 'Địa chỉ GEM Center ở thành phố nào?', 'GEM Center ở quận mấy?']",1
70,Hệ thống hầm bí mật của Biệt động Sài Gòn tồn tại ở đâu?,Ngay giữa lòng thành phố.,"Hệ thống hầm bí mật của Biệt động Sài Gòn tồn tại tại địa chỉ 287/70-72-74 Nguyễn Đình Chiểu, Quận 3, TP.HCM.","['Hầm bí mật của Biệt động Sài Gòn nằm ở đâu?', 'Địa chỉ hệ thống hầm bí mật của Biệt động Sài Gòn là gì?', 'Hầm chứa vũ khí bí mật của Biệt động Sài Gòn nằm ở đâu?']",1
71,"Về đêm, chợ Bến Thành có những gì?","Về đêm, chợ Bến Thành có hơn 100 quầy hàng bán quà lưu niệm, quần áo thời trang và món ăn phong cách đường phố.","Về đêm, chợ Bến Thành rất sôi động với hơn 100 quầy hàng bán quà lưu niệm, quần áo thời trang và món ăn phong cách đường phố. Bạn có thể tìm thấy nhiều món ăn ngon như chè, bánh tráng trộn, hủ tiếu, bánh xèo và nhiều món ăn khác. Ngoài ra, bạn cũng có thể mua được các sản phẩm thủ công mỹ nghệ, quần áo, túi xách, đồ trang sức và nhiều mặt hàng khác.","['Chợ Bến Thành có hoạt động đến mấy giờ?', 'Chợ Bến Thành nằm ở đâu?', 'Chợ Bến Thành có những mặt hàng gì?']",1
72,Bảo tàng Lịch sử - thành phố Hồ Chí Minh có những hiện vật độc nhất nào?,Bức tượng Devi Hương Quế và nhiều tượng Phật bằng đồng,"Bảo tàng Lịch sử - thành phố Hồ Chí Minh có hiện vật độc nhất là xác ướp Xóm Cải, một nữ quý tộc sống thời vương triều Nguyễn, triều đại phong kiến cuối cùng trong lịch sử Việt Nam.","['Bảo tàng Lịch sử - thành phố Hồ Chí Minh có bao nhiêu hiện vật?', 'Bảo tàng Lịch sử - thành phố Hồ Chí Minh nằm ở địa chỉ nào?', 'Thời gian hoạt động của Bảo tàng Lịch sử - thành phố Hồ Chí Minh là khi nào?']",0
73,Địa chỉ của Bảo tàng Chứng tích chiến tranh ở đâu?,"Địa chỉ của Bảo tàng Chứng tích chiến tranh là 26, đường Võ Văn Tần, phường Võ Thị Sáu, Quận 3","Bảo tàng Chứng tích chiến tranh nằm tại địa chỉ 26, đường Võ Văn Tần, phường Võ Thị Sáu, Quận 3.","['Thời gian hoạt động của Bảo tàng Chứng tích chiến tranh là khi nào?', 'Bảo tàng Chứng tích chiến tranh có bộ sưu tập gì?', 'Bảo tàng Chứng tích chiến tranh có những chuyên đề trưng bày nào?']",1
74,GEM Center có thể làm không gian choáng ngợp cho loại sự kiện nào?,Dạ tiệc cả ngàn khách,"GEM Center có thể làm không gian choáng ngợp cho dạ tiệc cả ngàn khách, sân khấu âm nhạc sôi động và sàn diễn thời trang hoành tráng.","['GEM Center có thể làm không gian choáng ngợp cho hội thảo không?', 'GEM Center có thể làm không gian choáng ngợp cho triển lãm không?', 'GEM Center có thể làm không gian choáng ngợp cho sự kiện nhỏ không?']",1
75,Những nền văn hóa trong thời kỳ ba nền văn hoá có quan hệ như thế nào với nhau?,"Có quan hệ mật thiết, lâu dài với nhau","Ba nền văn hóa trong thời kỳ ba nền văn hoá (Văn Lang - Âu Lạc, Lâm Ấp, Phù Nam) có quan hệ mật thiết, lâu dài với nhau. Mỗi nền văn hóa đóng góp vào sự hình thành và phát triển của văn hóa Việt Nam thống nhất sau này. Quan hệ này được thể hiện qua sự giao thương mạnh mẽ và trao đổi văn hóa giữa các khu vực, đồng thời cũng có sự ảnh hưởng và tương tác với các nền văn minh lớn như Trung Quốc và Ấn Độ.","['Các nền văn hóa trong thời kỳ ba nền văn hoá có gì đặc sắc?', 'Các nền văn hóa trong thời kỳ ba nền văn hoá có quan hệ thế nào với Trung Quốc và Ấn Độ?', 'Các nền văn hóa trong thời kỳ ba nền văn hoá có ảnh hưởng như thế nào đến văn hóa Việt Nam sau này?']",1
76,Bảo tàng Áo dài giới thiệu những loại áo dài nào?,"Áo dài Hippy, Áo dài vẽ, Áo dài thổ cẩm, Áo dài hội nhập quốc tế","Bảo tàng Áo dài giới thiệu nhiều loại áo dài như Áo dài Hippy, Áo dài vẽ, Áo dài thổ cẩm, Áo dài hội nhập quốc tế và còn có không gian trưng bày áo dài của các nhân vật nổi tiếng.","['Bảo tàng Áo dài có trưng bày những loại áo dài nào?', 'Có những loại áo dài nào được trưng bày tại Bảo tàng Áo dài?', 'Bảo tàng Áo dài có giới thiệu những mẫu áo dài nào?']",1
77,Hươu cao cổ ăn gì?,Hươu cao cổ ăn lá cây keo.,Hươu cao cổ ăn lá cây keo.,"['Hươu cao cổ sống ở đâu?', 'Hươu cao cổ có thể chạy nhanh không?', 'Hươu cao cổ có thể sống ở những nơi khô cằn không?']",1
78,Đường Nguyễn Huệ trước đây là kênh đào nào?,Chợ Vải,Đường Nguyễn Huệ trước đây là kênh đào Chợ Vải.,"['Đường Nguyễn Huệ là tuyến giao thông đường thủy nào?', 'Kênh Chợ Vải được sử dụng để làm gì?', 'Khi nào đường Nguyễn Huệ được đổi tên từ đại lộ Charner?']",1
79,Giá vé cho trẻ em có chiều cao dưới 1m là bao nhiêu?,Miễn phí,Miễn phí,"['Giá vé cho trẻ em cao từ 1m đến dưới 1m3 là bao nhiêu?', 'Giá vé cho người lớn và trẻ em cao từ 1m3 trở lên là bao nhiêu?', 'Có giá vé miễn phí cho trẻ em dưới 1m không?']",1
80,"Trước khi được xây dựng, Đầm Sen là một khu vực như thế nào?",Là một khu ruộng hoang đầm lầy và chứa các tệ nạn xã hội,"Đầm Sen trước khi được xây dựng là một khu ruộng hoang đầm lầy, chỉ toàn những đụn rau muống, rau ngổ, cây cỏ rậm rịt. Nơi đó cũng là nơi chứa các tệ nạn xã hội.","['Đầm Sen trước khi xây dựng là gì?', 'Khu vực Đầm Sen trước đây như thế nào?', 'Đầm Sen trước khi thành công viên là gì?']",1
81,Mái chùa Việt Nam Quốc Tự được xây dựng như thế nào?,"Mái chùa xây dựng nhiều tầng, đầu mái công vuốt hình đầu đao, được điêu khắc đầu rồng rất tinh xảo","Mái chùa Việt Nam Quốc Tự được xây dựng nhiều tầng, đầu mái công vuốt hình đầu đao, được điêu khắc đầu rồng rất tinh xảo. Kiến trúc tổng thể của ngôi chùa Việt Nam Quốc Tự trên khuôn viên 3.700 m2 bao gồm cổng tam quan, ngôi Chính điện, Tháp bảo 13 tầng, viện Đại học Phương Nam, cô nhi viện Quách Thị Trang và các điện thờ, tượng Phật trong khuôn viên sân chùa.","['Chùa Việt Nam Quốc Tự có diện tích bao nhiêu?', 'Các công trình kiến trúc lớn nhỏ trong khuôn viên chùa Việt Nam Quốc Tự gồm những gì?', 'Màu sắc chủ đạo của chùa Việt Nam Quốc Tự là gì?']",1
82,Bảo tàng Thành phố đã chọn lọc bao nhiêu hiện vật và ảnh tiêu biểu để trưng bày về cuộc kháng chiến chống Mỹ?,Bảo tàng Thành phố đã chọn lọc 481 hiện vật và 26 ảnh tiêu biểu.,Bảo tàng Thành phố đã chọn lọc 481 hiện vật và 26 ảnh tiêu biểu để trưng bày về cuộc kháng chiến chống Mỹ.,"['Bảo tàng Thành phố trưng bày về cuộc kháng chiến chống Mỹ bằng những hiện vật gì?', 'Bảo tàng Thành phố có bao nhiêu hiện vật và ảnh tiêu biểu về cuộc kháng chiến chống Mỹ?', 'Bảo tàng Thành phố trưng bày những gì về cuộc kháng chiến chống Mỹ?']",1
83,Tòa nhà Trụ sở Ủy ban nhân dân Thành phố Hồ Chí Minh được xếp hạng là Di tích kiến trúc nghệ thuật cấp Quốc gia vào năm nào?,Năm 2020,Năm 2020,"['Tòa nhà Trụ sở Ủy ban nhân dân Thành phố Hồ Chí Minh được xếp hạng là Di tích kiến trúc nghệ thuật cấp Quốc gia vào năm bao nhiêu?', 'Trụ sở Ủy ban nhân dân Thành phố Hồ Chí Minh được xếp hạng là Di tích kiến trúc nghệ thuật cấp Quốc gia vào năm nào?', 'Năm nào Trụ sở Ủy ban nhân dân Thành phố Hồ Chí Minh được xếp hạng là Di tích kiến trúc nghệ thuật cấp Quốc gia?']",1
84,Tháp trên tòa nhà có đồng hồ không?,Có,"Có, trên tháp của tòa nhà có đồng hồ tròn.","['Tòa nhà có bao nhiêu tầng?', 'Tòa nhà có kiến trúc gì?', 'Tòa nhà nằm ở địa chỉ nào?']",1
85,Pháp viện Minh Đăng Quang được xây lên trên diện tích bao nhiêu?,62.000m2,Pháp viện Minh Đăng Quang được xây lên trên diện tích 62.000m2.,"['Pháp viện Minh Đăng Quang có diện tích bao nhiêu?', 'Kích thước của Pháp viện Minh Đăng Quang là bao nhiêu?', 'Pháp viện Minh Đăng Quang được xây dựng trên khu đất có diện tích bao nhiêu?']",1
86,Kỷ lục nào mà Pháp viện Minh Đăng Quang xác lập là lớn nhất?,Ngôi tịnh xá có bốn bảo tháp lớn nhất Việt Nam,Pháp viện Minh Đăng Quang xác lập nên kỷ lục Việt Nam về ngôi tịnh xá có bốn bảo tháp lớn nhất.,"['Pháp viện Minh Đăng Quang xác lập kỷ lục gì?', 'Pháp viện Minh Đăng Quang có kỷ lục gì?', 'Kỷ lục nào mà Pháp viện Minh Đăng Quang đạt được?']",1
87,Đảng Cộng sản Việt Nam được thành lập có ý nghĩa gì?,Có ý nghĩa đặc biệt quan trọng của cách mạng Việt Nam,"Đảng Cộng sản Việt Nam được thành lập vào ngày 3/2/1930. Đây là sự kiện lịch sử có ý nghĩa đặc biệt quan trọng của cách mạng Việt Nam. Đảng đã truyền bá sách báo tiến bộ, tổ chức các cuộc đấu tranh thu hút các tầng lớp đồng bào và đóng vai trò lãnh đạo trong cuộc Cách Mạng Tháng 8 năm 1945, đánh đổ chính quyền thực dân phong kiến, thành lập nước Việt Nam Dân chủ cộng hòa.","['Ngày thành lập Đảng Cộng sản Việt Nam là khi nào?', 'Đảng Cộng sản Việt Nam có vai trò gì trong cuộc Cách Mạng Tháng 8 năm 1945?', 'Đảng Cộng sản Việt Nam đã truyền bá những gì trong giai đoạn đầu thành lập?']",1
88,Phòng trưng bày đấu tranh cách mạng giai đoạn 1930 – 1954 có bao nhiêu hiện vật?,Tổng cộng 301 hiện vật,"Bảo tàng Thành phố đã chọn lọc 481 hiện vật, 26 ảnh tiêu biểu chuyển tải các nội dung tại phòng số 6 (lầu 1) trong hệ thống trưng bày của Bảo tàng.","['Bảo tàng Thành phố đã chọn lọc bao nhiêu hiện vật trong phòng trưng bày đấu tranh cách mạng giai đoạn 1930 – 1954?', 'Có bao nhiêu hiện vật được trưng bày trong phòng số 6 của Bảo tàng Thành phố?', 'Số hiện vật được chọn lọc trong phòng trưng bày đấu tranh cách mạng giai đoạn 1930 – 1954 là bao nhiêu?']",0
89,Phong trào đấu tranh tại Sài Gòn những năm 1950 diễn ra như thế nào?,Không có thông tin,"Phong trào đấu tranh tại Sài Gòn những năm 1950 diễn ra với sự tham gia của các tầng lớp nhân dân trong thành phố. Những hoạt động đấu tranh bao gồm tổ chức biểu tình, đình công, phá hoại cơ sở hạ tầng của thực dân Pháp và các lực lượng đồng minh. Các phong trào này đã góp phần quan trọng vào cuộc kháng chiến chống Mỹ, cứu nước và thống nhất đất nước.","['Cách mạng Tháng Tám tại Sài Gòn diễn ra như thế nào?', 'Phong trào đấu tranh tại Sài Gòn trong thời kỳ 1930-1954 có gì đặc biệt?', 'Bảo tàng TP.HCM có trưng bày những hiện vật nào về phong trào đấu tranh tại Sài Gòn?']",1
90,Đảng Cộng sản Việt Nam được thành lập vào ngày nào?,3/2/1930,Đảng Cộng sản Việt Nam được thành lập vào ngày 3/2/1930.,"['Đảng Cộng sản Việt Nam ra đời vào ngày nào?', 'Ngày thành lập của Đảng Cộng sản Việt Nam là khi nào?', 'Đảng Cộng sản Việt Nam được thành lập vào thời điểm nào?']",1
91,Nội dung nào được thể hiện qua phòng trưng bày đấu tranh cách mạng giai đoạn 1930 – 1954?,"Phong trào đấu tranh hưởng ứng Xô Viết Nghệ Tĩnh 1930 – 1931, Phong trào đấu tranh đòi quyền sinh dân chủ 1936 – 1939, Cuộc khởi nghĩa Nam Kỳ 23/11/1940, Cách mạng Tháng Tám tại Sài Gòn, Sài Gòn mở đầu kháng chiến, Phong trào đấu tranh tại Sài Gòn những năm 1950, Binh công xưởng Rừng Sác – Nam Bộ.",Phong trào đấu tranh tại đô thị Sài Gòn là nội dung được thể hiện qua phòng trưng bày đấu tranh cách mạng giai đoạn 1930 – 1954.,"['Các phong trào đấu tranh nào được thể hiện qua phòng trưng bày đấu tranh cách mạng giai đoạn 1930 – 1954?', 'Phòng trưng bày đấu tranh cách mạng giai đoạn 1930 – 1954 thể hiện những gì?', 'Có những nội dung gì trong phòng trưng bày đấu tranh cách mạng giai đoạn 1930 – 1954?']",0
92,Phía sau tượng đài Bác Hồ là gì?,tấm bia ghi sự kiện Uỷ ban Hành chính lâm thời Nam Bộ ra mắt nhân dân thành phố sau thành công của Cách mạng tháng 8/1945,"Phía sau tượng đài Bác Hồ là các đền thờ, phủ thờ Bác Hồ.","['Có gì phía sau tượng đài Bác Hồ?', 'Sau tượng đài Bác Hồ có gì?', 'Có những công trình gì phía sau tượng đài Bác Hồ?']",1
93,Phố đi bộ Nguyễn Huệ sẽ được sử dụng để tổ chức những hoạt động gì?,"các buổi diễu hành, mít tinh, lễ hội đường phố, đường hoa, hoạt động triển lãm văn hóa, thể thao, biểu diễn nghệ thuật","Phố đi bộ Nguyễn Huệ sẽ được sử dụng để tổ chức các buổi diễu hành, mít tinh, lễ hội đường phố, đường hoa, hoạt động triển lãm văn hóa, thể thao, biểu diễn nghệ thuật,... của Thành phố.","['Các hoạt động nào được tổ chức trên phố đi bộ Nguyễn Huệ?', 'Phố đi bộ Nguyễn Huệ được sử dụng cho mục đích gì?', 'Những hoạt động nào diễn ra trên phố đi bộ Nguyễn Huệ?']",1
94,"Khu vui chơi, ăn uống của Landmark 81 có diện tích bao nhiêu?",Rộng hơn 700 m2,"Khu vui chơi, ăn uống của Landmark 81 có diện tích rộng hơn 700 m2.","['Landmark 81 có khu vui chơi và ăn uống không?', 'Diện tích của khu vui chơi, ăn uống ở Landmark 81 là bao nhiêu?', 'Có nhà hàng và quán bar ở Landmark 81 không?']",1
95,Giá vé vào công viên Landmark 81 là bao nhiêu?,Miễn phí,Công viên Landmark 81 là công viên công cộng nên mọi người có thể vào vui chơi hoàn toàn miễn phí.,"['Công viên Landmark 81 có phải trả vé không?', 'Giá vé vào công viên Landmark 81 là bao nhiêu?', 'Vào công viên Landmark 81 có phải trả tiền không?']",1
96,Quá trình nuôi dưỡng loài thú quý hiếm đòi hỏi những gì?,"Quá trình nuôi dưỡng loài thú quý hiếm đòi hỏi sự đầu tư nghiêm túc, từ khâu chọn lọc kỹ lưỡng và nhập thú về, tạo chuồng trại phù hợp với điều kiện sinh sống tự nhiên của thú cho đến việc chăm sóc và nuôi dưỡng hàng ngày.","Quá trình nuôi dưỡng loài thú quý hiếm đòi hỏi một sự đầu tư nghiêm túc, từ khâu chọn lọc kỹ lưỡng và nhập thú về, tạo chuồng trại phù hợp với điều kiện sinh sống tự nhiên của thú cho đến việc chăm sóc và nuôi dưỡng hàng ngày để thú có thể thích nghi tốt nhất với môi trường sống tại Việt Nam.","['Cách nuôi dưỡng loài thú quý hiếm như thế nào?', 'Quy trình nuôi dưỡng loài thú quý hiếm có khó không?', 'Loài thú quý hiếm được nuôi dưỡng như thế nào?']",1
97,Ai đã nhận được sự đồng tình ủng hộ của nhân dân các nước yêu chuộng hòa bình trong cuộc kháng chiến giành độc lập dân tộc?,Nhân dân Việt Nam,Nhân dân Việt Nam đã nhận được sự đồng tình ủng hộ của nhân dân các nước yêu chuộng hòa bình trên thế giới.,"['Ai đã ủng hộ Việt Nam trong cuộc kháng chiến giành độc lập dân tộc?', 'Các nước nào đã ủng hộ Việt Nam trong cuộc kháng chiến?', 'Nhân dân nước nào đã đồng tình ủng hộ Việt Nam trong cuộc kháng chiến?']",1
98,"Ở khu thiếu nhi của Công viên Văn hóa Đầm Sen, sân khấu Dế Mèn hoạt động vào những ngày nào trong tuần?",Thứ bảy và chủ nhật,Sân khấu Dế Mèn hoạt động vào các ngày trong tuần.,"['Sân khấu Dế Mèn hoạt động vào những ngày nào?', 'Các ngày trong tuần sân khấu Dế Mèn hoạt động?', 'Sân khấu Dế Mèn hoạt động vào những ngày nào trong tuần?']",0
99,Voi sống theo bầy đàn do ai dẫn dầu?,Voi sống theo bầy đàn do một voi cái lớn tuổi nhất dẫn dầu.,Voi sống theo bầy đàn do voi cái dẫn dầu.,"['Voi sống theo bầy đàn như thế nào?', 'Voi châu Á sống ở đâu?', 'Voi châu Á có bao nhiêu loài?']",1
